[
    {
        "model": "admin.logentry",
        "pk": 1,
        "fields": {
            "action_time": "2021-11-28T11:40:34.045Z",
            "user": 1,
            "content_type": 7,
            "object_id": "0eb396e7-2a4f-43c6-be3b-ada9d044da1e",
            "object_repr": "ADMIN",
            "action_flag": 1,
            "change_message": "[{\"added\": {}}]"
        }
    },
    {
        "model": "admin.logentry",
        "pk": 2,
        "fields": {
            "action_time": "2021-11-28T11:40:48.092Z",
            "user": 1,
            "content_type": 7,
            "object_id": "4687b586-85f8-4a2a-9e38-f87a36557329",
            "object_repr": "MANAGING",
            "action_flag": 1,
            "change_message": "[{\"added\": {}}]"
        }
    },
    {
        "model": "admin.logentry",
        "pk": 3,
        "fields": {
            "action_time": "2021-11-28T19:51:08.247Z",
            "user": 1,
            "content_type": 9,
            "object_id": "b43a6e69-3d81-4ed1-8912-7ad3b4dd4f09",
            "object_repr": "vedant",
            "action_flag": 1,
            "change_message": "[{\"added\": {}}]"
        }
    },
    {
        "model": "admin.logentry",
        "pk": 4,
        "fields": {
            "action_time": "2021-11-28T19:51:29.923Z",
            "user": 1,
            "content_type": 9,
            "object_id": "b43a6e69-3d81-4ed1-8912-7ad3b4dd4f09",
            "object_repr": "vedant",
            "action_flag": 2,
            "change_message": "[{\"changed\": {\"fields\": [\"Username\"]}}]"
        }
    },
    {
        "model": "admin.logentry",
        "pk": 5,
        "fields": {
            "action_time": "2021-11-28T19:52:12.768Z",
            "user": 1,
            "content_type": 9,
            "object_id": "ae5db034-f5b1-43fc-9c0b-c11bf2ecc91b",
            "object_repr": "kalash",
            "action_flag": 1,
            "change_message": "[{\"added\": {}}]"
        }
    },
    {
        "model": "admin.logentry",
        "pk": 6,
        "fields": {
            "action_time": "2021-11-28T21:07:07.444Z",
            "user": 1,
            "content_type": 8,
            "object_id": "686757ce-70dd-49d1-9ade-91154376078a",
            "object_repr": "CONSULTANCY",
            "action_flag": 1,
            "change_message": "[{\"added\": {}}]"
        }
    },
    {
        "model": "admin.logentry",
        "pk": 7,
        "fields": {
            "action_time": "2021-11-28T21:07:14.689Z",
            "user": 1,
            "content_type": 8,
            "object_id": "e7f7ad58-7dc9-400e-a2b7-06a43027de1c",
            "object_repr": "COUNSELLER",
            "action_flag": 1,
            "change_message": "[{\"added\": {}}]"
        }
    },
    {
        "model": "admin.logentry",
        "pk": 8,
        "fields": {
            "action_time": "2021-11-29T08:27:28.016Z",
            "user": 1,
            "content_type": 7,
            "object_id": "d22c64c9-f4b4-44e9-92d7-28de7803e8c9",
            "object_repr": "MAINTENANCE",
            "action_flag": 1,
            "change_message": "[{\"added\": {}}]"
        }
    },
    {
        "model": "admin.logentry",
        "pk": 9,
        "fields": {
            "action_time": "2021-11-29T08:27:48.037Z",
            "user": 1,
            "content_type": 7,
            "object_id": "553883b0-0dad-4613-b2b6-1ec1249a1cd2",
            "object_repr": "LABORATORY",
            "action_flag": 1,
            "change_message": "[{\"added\": {}}]"
        }
    },
    {
        "model": "admin.logentry",
        "pk": 10,
        "fields": {
            "action_time": "2021-11-29T08:27:59.635Z",
            "user": 1,
            "content_type": 7,
            "object_id": "9dca6b01-2822-411b-9ca1-b82a8a723085",
            "object_repr": "PHARMACY",
            "action_flag": 1,
            "change_message": "[{\"added\": {}}]"
        }
    },
    {
        "model": "admin.logentry",
        "pk": 11,
        "fields": {
            "action_time": "2021-11-29T08:28:14.950Z",
            "user": 1,
            "content_type": 7,
            "object_id": "8b56c4e3-367a-49fc-9dbc-6aacd57b271d",
            "object_repr": "RECEPTION",
            "action_flag": 1,
            "change_message": "[{\"added\": {}}]"
        }
    },
    {
        "model": "admin.logentry",
        "pk": 12,
        "fields": {
            "action_time": "2021-11-29T08:28:26.197Z",
            "user": 1,
            "content_type": 7,
            "object_id": "8621c5af-04ed-420d-9bb4-2235490b0bb6",
            "object_repr": "DOCTOR",
            "action_flag": 1,
            "change_message": "[{\"added\": {}}]"
        }
    },
    {
        "model": "admin.logentry",
        "pk": 13,
        "fields": {
            "action_time": "2021-11-29T08:30:24.333Z",
            "user": 1,
            "content_type": 9,
            "object_id": "b9efa441-5481-4a91-a754-a5caabc7c9cf",
            "object_repr": "Ridhanshi Singhal",
            "action_flag": 1,
            "change_message": "[{\"added\": {}}]"
        }
    },
    {
        "model": "admin.logentry",
        "pk": 14,
        "fields": {
            "action_time": "2021-11-29T08:31:00.487Z",
            "user": 1,
            "content_type": 9,
            "object_id": "b9efa441-5481-4a91-a754-a5caabc7c9cf",
            "object_repr": "Ridhanshi Singhal",
            "action_flag": 3,
            "change_message": ""
        }
    },
    {
        "model": "admin.logentry",
        "pk": 15,
        "fields": {
            "action_time": "2021-11-29T08:32:18.692Z",
            "user": 1,
            "content_type": 4,
            "object_id": "12",
            "object_repr": "ritika",
            "action_flag": 1,
            "change_message": "[{\"added\": {}}]"
        }
    },
    {
        "model": "admin.logentry",
        "pk": 16,
        "fields": {
            "action_time": "2021-11-29T08:32:27.932Z",
            "user": 1,
            "content_type": 4,
            "object_id": "12",
            "object_repr": "ritika",
            "action_flag": 2,
            "change_message": "[]"
        }
    },
    {
        "model": "admin.logentry",
        "pk": 17,
        "fields": {
            "action_time": "2021-11-29T09:00:21.227Z",
            "user": 1,
            "content_type": 4,
            "object_id": "11",
            "object_repr": "charlie",
            "action_flag": 3,
            "change_message": ""
        }
    },
    {
        "model": "admin.logentry",
        "pk": 18,
        "fields": {
            "action_time": "2021-11-29T09:00:21.236Z",
            "user": 1,
            "content_type": 4,
            "object_id": "2",
            "object_repr": "geo",
            "action_flag": 3,
            "change_message": ""
        }
    },
    {
        "model": "admin.logentry",
        "pk": 19,
        "fields": {
            "action_time": "2021-11-29T09:00:21.243Z",
            "user": 1,
            "content_type": 4,
            "object_id": "9",
            "object_repr": "hen",
            "action_flag": 3,
            "change_message": ""
        }
    },
    {
        "model": "admin.logentry",
        "pk": 20,
        "fields": {
            "action_time": "2021-11-29T09:00:21.250Z",
            "user": 1,
            "content_type": 4,
            "object_id": "4",
            "object_repr": "hr",
            "action_flag": 3,
            "change_message": ""
        }
    },
    {
        "model": "admin.logentry",
        "pk": 21,
        "fields": {
            "action_time": "2021-11-29T09:00:21.257Z",
            "user": 1,
            "content_type": 4,
            "object_id": "7",
            "object_repr": "jim",
            "action_flag": 3,
            "change_message": ""
        }
    },
    {
        "model": "admin.logentry",
        "pk": 22,
        "fields": {
            "action_time": "2021-11-29T09:00:21.263Z",
            "user": 1,
            "content_type": 4,
            "object_id": "6",
            "object_repr": "kalsh",
            "action_flag": 3,
            "change_message": ""
        }
    },
    {
        "model": "admin.logentry",
        "pk": 23,
        "fields": {
            "action_time": "2021-11-29T09:00:21.270Z",
            "user": 1,
            "content_type": 4,
            "object_id": "8",
            "object_repr": "kat",
            "action_flag": 3,
            "change_message": ""
        }
    },
    {
        "model": "admin.logentry",
        "pk": 24,
        "fields": {
            "action_time": "2021-11-29T09:00:21.276Z",
            "user": 1,
            "content_type": 4,
            "object_id": "5",
            "object_repr": "potter",
            "action_flag": 3,
            "change_message": ""
        }
    },
    {
        "model": "admin.logentry",
        "pk": 25,
        "fields": {
            "action_time": "2021-11-29T09:00:21.282Z",
            "user": 1,
            "content_type": 4,
            "object_id": "12",
            "object_repr": "ritika",
            "action_flag": 3,
            "change_message": ""
        }
    },
    {
        "model": "admin.logentry",
        "pk": 26,
        "fields": {
            "action_time": "2021-11-29T09:00:21.289Z",
            "user": 1,
            "content_type": 4,
            "object_id": "3",
            "object_repr": "vvggg",
            "action_flag": 3,
            "change_message": ""
        }
    },
    {
        "model": "admin.logentry",
        "pk": 27,
        "fields": {
            "action_time": "2021-11-29T09:07:43.187Z",
            "user": 1,
            "content_type": 4,
            "object_id": "13",
            "object_repr": "arshia",
            "action_flag": 1,
            "change_message": "[{\"added\": {}}]"
        }
    },
    {
        "model": "admin.logentry",
        "pk": 28,
        "fields": {
            "action_time": "2021-11-29T09:08:48.481Z",
            "user": 1,
            "content_type": 4,
            "object_id": "13",
            "object_repr": "arshia",
            "action_flag": 2,
            "change_message": "[]"
        }
    },
    {
        "model": "admin.logentry",
        "pk": 29,
        "fields": {
            "action_time": "2021-11-29T09:09:01.098Z",
            "user": 1,
            "content_type": 10,
            "object_id": "4",
            "object_repr": "arshia",
            "action_flag": 3,
            "change_message": ""
        }
    },
    {
        "model": "admin.logentry",
        "pk": 30,
        "fields": {
            "action_time": "2021-11-29T09:09:58.293Z",
            "user": 1,
            "content_type": 4,
            "object_id": "14",
            "object_repr": "arshia",
            "action_flag": 1,
            "change_message": "[{\"added\": {}}]"
        }
    },
    {
        "model": "admin.logentry",
        "pk": 31,
        "fields": {
            "action_time": "2021-11-29T09:10:04.751Z",
            "user": 1,
            "content_type": 4,
            "object_id": "14",
            "object_repr": "arshia",
            "action_flag": 2,
            "change_message": "[{\"changed\": {\"fields\": [\"Staff status\"]}}]"
        }
    },
    {
        "model": "admin.logentry",
        "pk": 32,
        "fields": {
            "action_time": "2021-11-29T09:10:51.121Z",
            "user": 1,
            "content_type": 9,
            "object_id": "bd6b0cf5-7e48-42e3-9044-43a82599d651",
            "object_repr": "arshia",
            "action_flag": 1,
            "change_message": "[{\"added\": {}}]"
        }
    },
    {
        "model": "admin.logentry",
        "pk": 33,
        "fields": {
            "action_time": "2021-11-29T09:11:18.494Z",
            "user": 1,
            "content_type": 9,
            "object_id": "bd6b0cf5-7e48-42e3-9044-43a82599d651",
            "object_repr": "arshia",
            "action_flag": 2,
            "change_message": "[{\"changed\": {\"fields\": [\"Department\"]}}]"
        }
    },
    {
        "model": "admin.logentry",
        "pk": 34,
        "fields": {
            "action_time": "2021-11-29T09:13:09.853Z",
            "user": 1,
            "content_type": 4,
            "object_id": "15",
            "object_repr": "anil",
            "action_flag": 1,
            "change_message": "[{\"added\": {}}]"
        }
    },
    {
        "model": "admin.logentry",
        "pk": 35,
        "fields": {
            "action_time": "2021-11-29T09:13:13.413Z",
            "user": 1,
            "content_type": 4,
            "object_id": "15",
            "object_repr": "anil",
            "action_flag": 2,
            "change_message": "[]"
        }
    },
    {
        "model": "admin.logentry",
        "pk": 36,
        "fields": {
            "action_time": "2021-11-29T09:14:07.592Z",
            "user": 1,
            "content_type": 9,
            "object_id": "377d6b19-e15b-4502-9ede-786c5d3023c4",
            "object_repr": "anil kumar",
            "action_flag": 1,
            "change_message": "[{\"added\": {}}]"
        }
    },
    {
        "model": "admin.logentry",
        "pk": 37,
        "fields": {
            "action_time": "2021-11-29T09:16:40.825Z",
            "user": 1,
            "content_type": 9,
            "object_id": "377d6b19-e15b-4502-9ede-786c5d3023c4",
            "object_repr": "anil kumar",
            "action_flag": 2,
            "change_message": "[]"
        }
    },
    {
        "model": "admin.logentry",
        "pk": 38,
        "fields": {
            "action_time": "2021-11-29T09:19:12.289Z",
            "user": 1,
            "content_type": 7,
            "object_id": "8621c5af-04ed-420d-9bb4-2235490b0bb6",
            "object_repr": "DOCTOR",
            "action_flag": 2,
            "change_message": "[]"
        }
    },
    {
        "model": "admin.logentry",
        "pk": 39,
        "fields": {
            "action_time": "2021-11-29T10:38:32.839Z",
            "user": 1,
            "content_type": 8,
            "object_id": "f0100512-6425-4609-bf3a-28e208913140",
            "object_repr": "OTHER",
            "action_flag": 1,
            "change_message": "[{\"added\": {}}]"
        }
    },
    {
        "model": "admin.logentry",
        "pk": 40,
        "fields": {
            "action_time": "2021-11-29T10:40:29.460Z",
            "user": 1,
            "content_type": 8,
            "object_id": "e7f7ad58-7dc9-400e-a2b7-06a43027de1c",
            "object_repr": "COUNSELLING",
            "action_flag": 2,
            "change_message": "[{\"changed\": {\"fields\": [\"Sname\"]}}]"
        }
    },
    {
        "model": "admin.logentry",
        "pk": 41,
        "fields": {
            "action_time": "2021-11-29T10:41:05.918Z",
            "user": 1,
            "content_type": 8,
            "object_id": "dfbb1801-3007-4821-be60-f61d2f9b29c0",
            "object_repr": "PEDIATRIC CARE",
            "action_flag": 1,
            "change_message": "[{\"added\": {}}]"
        }
    },
    {
        "model": "admin.logentry",
        "pk": 42,
        "fields": {
            "action_time": "2021-11-29T10:41:30.941Z",
            "user": 1,
            "content_type": 8,
            "object_id": "1bee0855-95fe-422d-bd29-a15c0bc467e9",
            "object_repr": "PSYCHIATRY",
            "action_flag": 1,
            "change_message": "[{\"added\": {}}]"
        }
    },
    {
        "model": "admin.logentry",
        "pk": 43,
        "fields": {
            "action_time": "2021-11-29T10:46:45.275Z",
            "user": 1,
            "content_type": 8,
            "object_id": "35f6b8b2-0c34-42f5-a3f6-54cd61e3c1c5",
            "object_repr": "HEADACHE AND PAIN",
            "action_flag": 1,
            "change_message": "[{\"added\": {}}]"
        }
    },
    {
        "model": "admin.logentry",
        "pk": 44,
        "fields": {
            "action_time": "2021-11-29T10:47:02.284Z",
            "user": 1,
            "content_type": 8,
            "object_id": "e5782973-6b7e-44f2-bc3d-1f4308693af7",
            "object_repr": "ELIPSEY AND SEIZURES",
            "action_flag": 1,
            "change_message": "[{\"added\": {}}]"
        }
    },
    {
        "model": "admin.logentry",
        "pk": 45,
        "fields": {
            "action_time": "2021-11-29T10:51:59.700Z",
            "user": 1,
            "content_type": 8,
            "object_id": "8f0e431c-fe15-4a8f-8ee8-b8a4f4eba3bf",
            "object_repr": "OCD",
            "action_flag": 1,
            "change_message": "[{\"added\": {}}]"
        }
    },
    {
        "model": "admin.logentry",
        "pk": 46,
        "fields": {
            "action_time": "2021-11-29T10:58:17.702Z",
            "user": 1,
            "content_type": 8,
            "object_id": "609f055f-6388-4225-9f81-de5a7d700d8b",
            "object_repr": "ANXIETY",
            "action_flag": 1,
            "change_message": "[{\"added\": {}}]"
        }
    },
    {
        "model": "admin.logentry",
        "pk": 47,
        "fields": {
            "action_time": "2021-11-29T10:58:28.477Z",
            "user": 1,
            "content_type": 8,
            "object_id": "5b1a9a22-be2d-4684-93b0-e37d992e29ae",
            "object_repr": "EATING DISORDER",
            "action_flag": 1,
            "change_message": "[{\"added\": {}}]"
        }
    },
    {
        "model": "admin.logentry",
        "pk": 48,
        "fields": {
            "action_time": "2021-11-29T10:58:45.899Z",
            "user": 1,
            "content_type": 8,
            "object_id": "4a2f46d6-fc09-428e-a2f3-99f7905b3869",
            "object_repr": "SLEEP DISORDER",
            "action_flag": 1,
            "change_message": "[{\"added\": {}}]"
        }
    },
    {
        "model": "admin.logentry",
        "pk": 49,
        "fields": {
            "action_time": "2021-11-29T10:59:21.054Z",
            "user": 1,
            "content_type": 8,
            "object_id": "1569015d-af88-4557-8995-08351d9269f1",
            "object_repr": "BIPOLAR AFFECTIVE DISORDER",
            "action_flag": 1,
            "change_message": "[{\"added\": {}}]"
        }
    },
    {
        "model": "admin.logentry",
        "pk": 50,
        "fields": {
            "action_time": "2021-11-29T10:59:51.561Z",
            "user": 1,
            "content_type": 8,
            "object_id": "dde9c722-10ce-4b41-acfd-eaa23ecca4fa",
            "object_repr": "DEPRESSION",
            "action_flag": 1,
            "change_message": "[{\"added\": {}}]"
        }
    },
    {
        "model": "admin.logentry",
        "pk": 51,
        "fields": {
            "action_time": "2021-11-29T11:00:10.272Z",
            "user": 1,
            "content_type": 8,
            "object_id": "5a5a80ec-465d-4c7b-9601-1b1ab34aab02",
            "object_repr": "PERSONALITY DISORDER",
            "action_flag": 1,
            "change_message": "[{\"added\": {}}]"
        }
    },
    {
        "model": "admin.logentry",
        "pk": 52,
        "fields": {
            "action_time": "2021-11-29T11:04:42.305Z",
            "user": 1,
            "content_type": 8,
            "object_id": "cc1f7eaa-69fc-44e5-b723-3f71e6a09d81",
            "object_repr": "ATTENTION DEFICIT HYPERACTIVITY DISORDER",
            "action_flag": 1,
            "change_message": "[{\"added\": {}}]"
        }
    },
    {
        "model": "admin.logentry",
        "pk": 53,
        "fields": {
            "action_time": "2021-11-29T11:05:02.284Z",
            "user": 1,
            "content_type": 8,
            "object_id": "837503ab-fb0b-4a12-804e-4805374a2980",
            "object_repr": "SPINE CARE",
            "action_flag": 1,
            "change_message": "[{\"added\": {}}]"
        }
    },
    {
        "model": "admin.logentry",
        "pk": 54,
        "fields": {
            "action_time": "2021-11-29T11:05:50.294Z",
            "user": 1,
            "content_type": 8,
            "object_id": "1bfa712c-ba2c-4e37-91fc-d826f7eac31d",
            "object_repr": "TUMOR CENTRE",
            "action_flag": 1,
            "change_message": "[{\"added\": {}}]"
        }
    },
    {
        "model": "admin.logentry",
        "pk": 55,
        "fields": {
            "action_time": "2021-11-29T11:12:26.505Z",
            "user": 1,
            "content_type": 8,
            "object_id": "b040521f-abca-4d40-81c8-77edee6c44af",
            "object_repr": "STROKES",
            "action_flag": 1,
            "change_message": "[{\"added\": {}}]"
        }
    },
    {
        "model": "admin.logentry",
        "pk": 56,
        "fields": {
            "action_time": "2021-11-29T11:13:01.910Z",
            "user": 1,
            "content_type": 8,
            "object_id": "2258f6f2-dc0a-4519-886c-beac24175e15",
            "object_repr": "NERVE DISORDERS",
            "action_flag": 1,
            "change_message": "[{\"added\": {}}]"
        }
    },
    {
        "model": "admin.logentry",
        "pk": 57,
        "fields": {
            "action_time": "2021-11-29T11:13:45.686Z",
            "user": 1,
            "content_type": 8,
            "object_id": "eadfc84d-8f45-4160-a71b-8c50ca621194",
            "object_repr": "THERAPY",
            "action_flag": 1,
            "change_message": "[{\"added\": {}}]"
        }
    },
    {
        "model": "admin.logentry",
        "pk": 58,
        "fields": {
            "action_time": "2021-11-29T11:13:56.926Z",
            "user": 1,
            "content_type": 8,
            "object_id": "e556ec7b-9200-4ac1-b976-52a225400278",
            "object_repr": "MOVEMENT DISORDERS",
            "action_flag": 1,
            "change_message": "[{\"added\": {}}]"
        }
    },
    {
        "model": "admin.logentry",
        "pk": 59,
        "fields": {
            "action_time": "2021-11-29T11:19:00.270Z",
            "user": 1,
            "content_type": 8,
            "object_id": "ff2c4033-a2c5-4c2f-8a39-10e1bd309eac",
            "object_repr": "SCHIZOPHRENIA",
            "action_flag": 1,
            "change_message": "[{\"added\": {}}]"
        }
    },
    {
        "model": "admin.logentry",
        "pk": 60,
        "fields": {
            "action_time": "2021-11-29T11:21:00.411Z",
            "user": 1,
            "content_type": 4,
            "object_id": "16",
            "object_repr": "newton",
            "action_flag": 1,
            "change_message": "[{\"added\": {}}]"
        }
    },
    {
        "model": "admin.logentry",
        "pk": 61,
        "fields": {
            "action_time": "2021-11-29T11:21:17.722Z",
            "user": 1,
            "content_type": 4,
            "object_id": "16",
            "object_repr": "newton",
            "action_flag": 2,
            "change_message": "[{\"changed\": {\"fields\": [\"First name\", \"Email address\"]}}]"
        }
    },
    {
        "model": "admin.logentry",
        "pk": 62,
        "fields": {
            "action_time": "2021-11-29T11:22:01.957Z",
            "user": 1,
            "content_type": 10,
            "object_id": "7",
            "object_repr": "newton",
            "action_flag": 3,
            "change_message": ""
        }
    },
    {
        "model": "admin.logentry",
        "pk": 63,
        "fields": {
            "action_time": "2021-11-29T11:22:58.575Z",
            "user": 1,
            "content_type": 9,
            "object_id": "4be7257a-c733-4e84-803d-ed083c9e6a2a",
            "object_repr": "newton",
            "action_flag": 1,
            "change_message": "[{\"added\": {}}]"
        }
    },
    {
        "model": "admin.logentry",
        "pk": 64,
        "fields": {
            "action_time": "2021-11-29T13:15:04.372Z",
            "user": 1,
            "content_type": 10,
            "object_id": "6",
            "object_repr": "anil",
            "action_flag": 3,
            "change_message": ""
        }
    },
    {
        "model": "admin.logentry",
        "pk": 65,
        "fields": {
            "action_time": "2021-11-29T13:15:04.383Z",
            "user": 1,
            "content_type": 10,
            "object_id": "5",
            "object_repr": "arshia",
            "action_flag": 3,
            "change_message": ""
        }
    },
    {
        "model": "admin.logentry",
        "pk": 66,
        "fields": {
            "action_time": "2021-11-29T13:15:58.399Z",
            "user": 1,
            "content_type": 4,
            "object_id": "14",
            "object_repr": "aaru",
            "action_flag": 3,
            "change_message": ""
        }
    },
    {
        "model": "admin.logentry",
        "pk": 67,
        "fields": {
            "action_time": "2021-11-29T13:15:58.408Z",
            "user": 1,
            "content_type": 4,
            "object_id": "15",
            "object_repr": "anil",
            "action_flag": 3,
            "change_message": ""
        }
    },
    {
        "model": "admin.logentry",
        "pk": 68,
        "fields": {
            "action_time": "2021-11-29T13:15:58.414Z",
            "user": 1,
            "content_type": 4,
            "object_id": "16",
            "object_repr": "newton",
            "action_flag": 3,
            "change_message": ""
        }
    },
    {
        "model": "admin.logentry",
        "pk": 69,
        "fields": {
            "action_time": "2021-11-29T13:23:48.002Z",
            "user": 1,
            "content_type": 4,
            "object_id": "17",
            "object_repr": "vedant",
            "action_flag": 1,
            "change_message": "[{\"added\": {}}]"
        }
    },
    {
        "model": "admin.logentry",
        "pk": 70,
        "fields": {
            "action_time": "2021-11-29T13:23:51.369Z",
            "user": 1,
            "content_type": 4,
            "object_id": "17",
            "object_repr": "vedant",
            "action_flag": 2,
            "change_message": "[]"
        }
    },
    {
        "model": "admin.logentry",
        "pk": 71,
        "fields": {
            "action_time": "2021-11-29T13:25:24.848Z",
            "user": 1,
            "content_type": 4,
            "object_id": "18",
            "object_repr": "sri",
            "action_flag": 1,
            "change_message": "[{\"added\": {}}]"
        }
    },
    {
        "model": "admin.logentry",
        "pk": 72,
        "fields": {
            "action_time": "2021-11-29T13:25:28.013Z",
            "user": 1,
            "content_type": 4,
            "object_id": "18",
            "object_repr": "sri",
            "action_flag": 2,
            "change_message": "[]"
        }
    },
    {
        "model": "admin.logentry",
        "pk": 73,
        "fields": {
            "action_time": "2021-11-29T13:25:47.331Z",
            "user": 1,
            "content_type": 4,
            "object_id": "19",
            "object_repr": "kashyap",
            "action_flag": 1,
            "change_message": "[{\"added\": {}}]"
        }
    },
    {
        "model": "admin.logentry",
        "pk": 74,
        "fields": {
            "action_time": "2021-11-29T13:25:50.113Z",
            "user": 1,
            "content_type": 4,
            "object_id": "19",
            "object_repr": "kashyap",
            "action_flag": 2,
            "change_message": "[]"
        }
    },
    {
        "model": "admin.logentry",
        "pk": 75,
        "fields": {
            "action_time": "2021-11-29T13:26:07.941Z",
            "user": 1,
            "content_type": 4,
            "object_id": "20",
            "object_repr": "bhatla",
            "action_flag": 1,
            "change_message": "[{\"added\": {}}]"
        }
    },
    {
        "model": "admin.logentry",
        "pk": 76,
        "fields": {
            "action_time": "2021-11-29T13:26:11.102Z",
            "user": 1,
            "content_type": 4,
            "object_id": "20",
            "object_repr": "bhatla",
            "action_flag": 2,
            "change_message": "[]"
        }
    },
    {
        "model": "admin.logentry",
        "pk": 77,
        "fields": {
            "action_time": "2021-11-29T13:26:30.787Z",
            "user": 1,
            "content_type": 4,
            "object_id": "21",
            "object_repr": "verma",
            "action_flag": 1,
            "change_message": "[{\"added\": {}}]"
        }
    },
    {
        "model": "admin.logentry",
        "pk": 78,
        "fields": {
            "action_time": "2021-11-29T13:26:33.309Z",
            "user": 1,
            "content_type": 4,
            "object_id": "21",
            "object_repr": "verma",
            "action_flag": 2,
            "change_message": "[]"
        }
    },
    {
        "model": "admin.logentry",
        "pk": 79,
        "fields": {
            "action_time": "2021-11-29T13:26:50.128Z",
            "user": 1,
            "content_type": 10,
            "object_id": "11",
            "object_repr": "verma",
            "action_flag": 3,
            "change_message": ""
        }
    },
    {
        "model": "admin.logentry",
        "pk": 80,
        "fields": {
            "action_time": "2021-11-29T13:26:50.134Z",
            "user": 1,
            "content_type": 10,
            "object_id": "10",
            "object_repr": "bhatla",
            "action_flag": 3,
            "change_message": ""
        }
    },
    {
        "model": "admin.logentry",
        "pk": 81,
        "fields": {
            "action_time": "2021-11-29T13:26:50.143Z",
            "user": 1,
            "content_type": 10,
            "object_id": "9",
            "object_repr": "kashyap",
            "action_flag": 3,
            "change_message": ""
        }
    },
    {
        "model": "admin.logentry",
        "pk": 82,
        "fields": {
            "action_time": "2021-11-29T13:26:50.149Z",
            "user": 1,
            "content_type": 10,
            "object_id": "8",
            "object_repr": "sri",
            "action_flag": 3,
            "change_message": ""
        }
    },
    {
        "model": "admin.logentry",
        "pk": 83,
        "fields": {
            "action_time": "2021-11-29T13:26:50.155Z",
            "user": 1,
            "content_type": 10,
            "object_id": "7",
            "object_repr": "vedant",
            "action_flag": 3,
            "change_message": ""
        }
    },
    {
        "model": "admin.logentry",
        "pk": 84,
        "fields": {
            "action_time": "2021-11-29T13:27:59.869Z",
            "user": 1,
            "content_type": 9,
            "object_id": "f3fdfc84-63d1-4125-8d99-63efa50f4636",
            "object_repr": "sidharth",
            "action_flag": 1,
            "change_message": "[{\"added\": {}}]"
        }
    },
    {
        "model": "admin.logentry",
        "pk": 85,
        "fields": {
            "action_time": "2021-11-29T13:29:06.111Z",
            "user": 1,
            "content_type": 9,
            "object_id": "4d7dac97-550f-4317-bc6b-a5eb6eed6194",
            "object_repr": "aryan",
            "action_flag": 1,
            "change_message": "[{\"added\": {}}]"
        }
    },
    {
        "model": "admin.logentry",
        "pk": 86,
        "fields": {
            "action_time": "2021-11-29T13:30:07.973Z",
            "user": 1,
            "content_type": 9,
            "object_id": "dca1791f-fa72-4184-adc2-163ee249438a",
            "object_repr": "srivastava",
            "action_flag": 1,
            "change_message": "[{\"added\": {}}]"
        }
    },
    {
        "model": "admin.logentry",
        "pk": 87,
        "fields": {
            "action_time": "2021-11-29T13:30:46.131Z",
            "user": 1,
            "content_type": 9,
            "object_id": "4a9ba2d2-c357-4da2-8827-f5510ad1492f",
            "object_repr": "vedant vasu",
            "action_flag": 1,
            "change_message": "[{\"added\": {}}]"
        }
    },
    {
        "model": "admin.logentry",
        "pk": 88,
        "fields": {
            "action_time": "2021-11-29T13:31:21.117Z",
            "user": 1,
            "content_type": 9,
            "object_id": "942cdc9d-6d77-4cb1-98bc-2ea671b7d408",
            "object_repr": "himanshu",
            "action_flag": 1,
            "change_message": "[{\"added\": {}}]"
        }
    },
    {
        "model": "admin.logentry",
        "pk": 89,
        "fields": {
            "action_time": "2021-11-29T13:36:54.866Z",
            "user": 1,
            "content_type": 8,
            "object_id": "ff2c4033-a2c5-4c2f-8a39-10e1bd309eac",
            "object_repr": "SCHIZOPHRENIA",
            "action_flag": 2,
            "change_message": "[{\"changed\": {\"fields\": [\"Sowner\"]}}]"
        }
    },
    {
        "model": "admin.logentry",
        "pk": 90,
        "fields": {
            "action_time": "2021-11-29T13:37:02.047Z",
            "user": 1,
            "content_type": 8,
            "object_id": "eadfc84d-8f45-4160-a71b-8c50ca621194",
            "object_repr": "THERAPY",
            "action_flag": 2,
            "change_message": "[{\"changed\": {\"fields\": [\"Sowner\"]}}]"
        }
    },
    {
        "model": "admin.logentry",
        "pk": 91,
        "fields": {
            "action_time": "2021-11-29T13:37:08.313Z",
            "user": 1,
            "content_type": 8,
            "object_id": "e7f7ad58-7dc9-400e-a2b7-06a43027de1c",
            "object_repr": "COUNSELLING",
            "action_flag": 2,
            "change_message": "[{\"changed\": {\"fields\": [\"Sowner\"]}}]"
        }
    },
    {
        "model": "admin.logentry",
        "pk": 92,
        "fields": {
            "action_time": "2021-11-29T13:37:14.322Z",
            "user": 1,
            "content_type": 8,
            "object_id": "e5782973-6b7e-44f2-bc3d-1f4308693af7",
            "object_repr": "ELIPSEY AND SEIZURES",
            "action_flag": 2,
            "change_message": "[{\"changed\": {\"fields\": [\"Sowner\"]}}]"
        }
    },
    {
        "model": "admin.logentry",
        "pk": 93,
        "fields": {
            "action_time": "2021-11-29T13:37:21.195Z",
            "user": 1,
            "content_type": 8,
            "object_id": "e556ec7b-9200-4ac1-b976-52a225400278",
            "object_repr": "MOVEMENT DISORDERS",
            "action_flag": 2,
            "change_message": "[{\"changed\": {\"fields\": [\"Sowner\"]}}]"
        }
    },
    {
        "model": "admin.logentry",
        "pk": 94,
        "fields": {
            "action_time": "2021-11-29T13:37:30.612Z",
            "user": 1,
            "content_type": 8,
            "object_id": "dfbb1801-3007-4821-be60-f61d2f9b29c0",
            "object_repr": "PEDIATRIC CARE",
            "action_flag": 2,
            "change_message": "[{\"changed\": {\"fields\": [\"Sowner\"]}}]"
        }
    },
    {
        "model": "admin.logentry",
        "pk": 95,
        "fields": {
            "action_time": "2021-11-29T13:37:39.104Z",
            "user": 1,
            "content_type": 8,
            "object_id": "dfbb1801-3007-4821-be60-f61d2f9b29c0",
            "object_repr": "PEDIATRIC CARE",
            "action_flag": 2,
            "change_message": "[]"
        }
    },
    {
        "model": "admin.logentry",
        "pk": 96,
        "fields": {
            "action_time": "2021-11-29T13:37:46.255Z",
            "user": 1,
            "content_type": 8,
            "object_id": "dde9c722-10ce-4b41-acfd-eaa23ecca4fa",
            "object_repr": "DEPRESSION",
            "action_flag": 2,
            "change_message": "[{\"changed\": {\"fields\": [\"Sowner\"]}}]"
        }
    },
    {
        "model": "admin.logentry",
        "pk": 97,
        "fields": {
            "action_time": "2021-11-29T13:37:57.361Z",
            "user": 1,
            "content_type": 8,
            "object_id": "cc1f7eaa-69fc-44e5-b723-3f71e6a09d81",
            "object_repr": "ATTENTION DEFICIT HYPERACTIVITY DISORDER",
            "action_flag": 2,
            "change_message": "[{\"changed\": {\"fields\": [\"Sowner\"]}}]"
        }
    },
    {
        "model": "admin.logentry",
        "pk": 98,
        "fields": {
            "action_time": "2021-11-29T13:38:02.789Z",
            "user": 1,
            "content_type": 8,
            "object_id": "cc1f7eaa-69fc-44e5-b723-3f71e6a09d81",
            "object_repr": "ATTENTION DEFICIT HYPERACTIVITY DISORDER",
            "action_flag": 2,
            "change_message": "[]"
        }
    },
    {
        "model": "admin.logentry",
        "pk": 99,
        "fields": {
            "action_time": "2021-11-29T13:38:08.632Z",
            "user": 1,
            "content_type": 8,
            "object_id": "b040521f-abca-4d40-81c8-77edee6c44af",
            "object_repr": "STROKES",
            "action_flag": 2,
            "change_message": "[{\"changed\": {\"fields\": [\"Sowner\"]}}]"
        }
    },
    {
        "model": "admin.logentry",
        "pk": 100,
        "fields": {
            "action_time": "2021-11-29T13:38:15.422Z",
            "user": 1,
            "content_type": 8,
            "object_id": "8f0e431c-fe15-4a8f-8ee8-b8a4f4eba3bf",
            "object_repr": "OCD",
            "action_flag": 2,
            "change_message": "[{\"changed\": {\"fields\": [\"Sowner\"]}}]"
        }
    },
    {
        "model": "admin.logentry",
        "pk": 101,
        "fields": {
            "action_time": "2021-11-29T13:38:23.509Z",
            "user": 1,
            "content_type": 8,
            "object_id": "837503ab-fb0b-4a12-804e-4805374a2980",
            "object_repr": "SPINE CARE",
            "action_flag": 2,
            "change_message": "[{\"changed\": {\"fields\": [\"Sowner\"]}}]"
        }
    },
    {
        "model": "admin.logentry",
        "pk": 102,
        "fields": {
            "action_time": "2021-11-29T13:38:34.233Z",
            "user": 1,
            "content_type": 8,
            "object_id": "686757ce-70dd-49d1-9ade-91154376078a",
            "object_repr": "CONSULTANCY",
            "action_flag": 2,
            "change_message": "[{\"changed\": {\"fields\": [\"Sowner\"]}}]"
        }
    },
    {
        "model": "admin.logentry",
        "pk": 103,
        "fields": {
            "action_time": "2021-11-29T13:38:56.823Z",
            "user": 1,
            "content_type": 8,
            "object_id": "609f055f-6388-4225-9f81-de5a7d700d8b",
            "object_repr": "ANXIETY",
            "action_flag": 2,
            "change_message": "[{\"changed\": {\"fields\": [\"Sowner\"]}}]"
        }
    },
    {
        "model": "admin.logentry",
        "pk": 104,
        "fields": {
            "action_time": "2021-11-29T13:39:05.121Z",
            "user": 1,
            "content_type": 8,
            "object_id": "5b1a9a22-be2d-4684-93b0-e37d992e29ae",
            "object_repr": "EATING DISORDER",
            "action_flag": 2,
            "change_message": "[{\"changed\": {\"fields\": [\"Sowner\"]}}]"
        }
    },
    {
        "model": "admin.logentry",
        "pk": 105,
        "fields": {
            "action_time": "2021-11-29T13:39:13.635Z",
            "user": 1,
            "content_type": 8,
            "object_id": "5a5a80ec-465d-4c7b-9601-1b1ab34aab02",
            "object_repr": "PERSONALITY DISORDER",
            "action_flag": 2,
            "change_message": "[{\"changed\": {\"fields\": [\"Sowner\"]}}]"
        }
    },
    {
        "model": "admin.logentry",
        "pk": 106,
        "fields": {
            "action_time": "2021-11-29T13:39:24.552Z",
            "user": 1,
            "content_type": 8,
            "object_id": "4a2f46d6-fc09-428e-a2f3-99f7905b3869",
            "object_repr": "SLEEP DISORDER",
            "action_flag": 2,
            "change_message": "[{\"changed\": {\"fields\": [\"Sowner\"]}}]"
        }
    },
    {
        "model": "admin.logentry",
        "pk": 107,
        "fields": {
            "action_time": "2021-11-29T13:39:33.628Z",
            "user": 1,
            "content_type": 8,
            "object_id": "35f6b8b2-0c34-42f5-a3f6-54cd61e3c1c5",
            "object_repr": "HEADACHE AND PAIN",
            "action_flag": 2,
            "change_message": "[{\"changed\": {\"fields\": [\"Sowner\"]}}]"
        }
    },
    {
        "model": "admin.logentry",
        "pk": 108,
        "fields": {
            "action_time": "2021-11-29T13:39:43.400Z",
            "user": 1,
            "content_type": 8,
            "object_id": "2258f6f2-dc0a-4519-886c-beac24175e15",
            "object_repr": "NERVE DISORDERS",
            "action_flag": 2,
            "change_message": "[{\"changed\": {\"fields\": [\"Sowner\"]}}]"
        }
    },
    {
        "model": "admin.logentry",
        "pk": 109,
        "fields": {
            "action_time": "2021-11-29T13:39:49.832Z",
            "user": 1,
            "content_type": 8,
            "object_id": "1bfa712c-ba2c-4e37-91fc-d826f7eac31d",
            "object_repr": "TUMOR CENTRE",
            "action_flag": 2,
            "change_message": "[{\"changed\": {\"fields\": [\"Sowner\"]}}]"
        }
    },
    {
        "model": "admin.logentry",
        "pk": 110,
        "fields": {
            "action_time": "2021-11-29T13:39:55.981Z",
            "user": 1,
            "content_type": 8,
            "object_id": "1bee0855-95fe-422d-bd29-a15c0bc467e9",
            "object_repr": "PSYCHIATRY",
            "action_flag": 2,
            "change_message": "[{\"changed\": {\"fields\": [\"Sowner\"]}}]"
        }
    },
    {
        "model": "admin.logentry",
        "pk": 111,
        "fields": {
            "action_time": "2021-11-29T13:40:03.010Z",
            "user": 1,
            "content_type": 8,
            "object_id": "1569015d-af88-4557-8995-08351d9269f1",
            "object_repr": "BIPOLAR AFFECTIVE DISORDER",
            "action_flag": 2,
            "change_message": "[{\"changed\": {\"fields\": [\"Sowner\"]}}]"
        }
    },
    {
        "model": "admin.logentry",
        "pk": 112,
        "fields": {
            "action_time": "2021-11-29T20:03:14.066Z",
            "user": 1,
            "content_type": 9,
            "object_id": "ae5db034-f5b1-43fc-9c0b-c11bf2ecc91b",
            "object_repr": "kalash",
            "action_flag": 2,
            "change_message": "[{\"changed\": {\"fields\": [\"Staff image\"]}}]"
        }
    },
    {
        "model": "admin.logentry",
        "pk": 113,
        "fields": {
            "action_time": "2021-11-29T21:48:42.748Z",
            "user": 1,
            "content_type": 11,
            "object_id": "15b504a2-7c94-4df0-adc2-ebbc7c7be7e2",
            "object_repr": "Tests object (15b504a2-7c94-4df0-adc2-ebbc7c7be7e2)",
            "action_flag": 1,
            "change_message": "[{\"added\": {}}]"
        }
    },
    {
        "model": "admin.logentry",
        "pk": 114,
        "fields": {
            "action_time": "2021-11-29T21:53:24.792Z",
            "user": 1,
            "content_type": 11,
            "object_id": "ae9dae9c-b909-4c47-96b7-a52cf6fa0cd4",
            "object_repr": "CT scan",
            "action_flag": 1,
            "change_message": "[{\"added\": {}}]"
        }
    },
    {
        "model": "admin.logentry",
        "pk": 115,
        "fields": {
            "action_time": "2021-11-29T21:53:39.291Z",
            "user": 1,
            "content_type": 11,
            "object_id": "f34cf65a-698d-4a27-bcd2-1f640b71783b",
            "object_repr": "EEG",
            "action_flag": 1,
            "change_message": "[{\"added\": {}}]"
        }
    },
    {
        "model": "admin.logentry",
        "pk": 116,
        "fields": {
            "action_time": "2021-11-29T21:54:47.095Z",
            "user": 1,
            "content_type": 11,
            "object_id": "fa694d32-a1f4-4e73-9e75-e524c8853b79",
            "object_repr": "EMG",
            "action_flag": 1,
            "change_message": "[{\"added\": {}}]"
        }
    },
    {
        "model": "admin.logentry",
        "pk": 117,
        "fields": {
            "action_time": "2021-11-29T21:55:02.145Z",
            "user": 1,
            "content_type": 11,
            "object_id": "77ea719c-78e9-4442-8619-88e34d111f52",
            "object_repr": "NCV",
            "action_flag": 1,
            "change_message": "[{\"added\": {}}]"
        }
    },
    {
        "model": "admin.logentry",
        "pk": 118,
        "fields": {
            "action_time": "2021-11-29T21:55:18.797Z",
            "user": 1,
            "content_type": 11,
            "object_id": "c9a24ceb-b8fa-4cc9-bcf3-81d3f1f1bfb4",
            "object_repr": "PET",
            "action_flag": 1,
            "change_message": "[{\"added\": {}}]"
        }
    },
    {
        "model": "admin.logentry",
        "pk": 119,
        "fields": {
            "action_time": "2021-11-29T21:55:37.367Z",
            "user": 1,
            "content_type": 11,
            "object_id": "b05dfd99-f2b6-4d05-91bf-e2331291a03f",
            "object_repr": "MYELOGRAM",
            "action_flag": 1,
            "change_message": "[{\"added\": {}}]"
        }
    },
    {
        "model": "admin.logentry",
        "pk": 120,
        "fields": {
            "action_time": "2021-11-29T21:56:10.920Z",
            "user": 1,
            "content_type": 11,
            "object_id": "3930ea01-7467-4a94-bc74-6ae500f454cf",
            "object_repr": "NEUROSONOGRAPHY",
            "action_flag": 1,
            "change_message": "[{\"added\": {}}]"
        }
    },
    {
        "model": "admin.logentry",
        "pk": 121,
        "fields": {
            "action_time": "2021-11-29T21:56:57.343Z",
            "user": 1,
            "content_type": 11,
            "object_id": "b2ef8b60-4aac-4016-aca4-51e159c1d386",
            "object_repr": "SCREENING",
            "action_flag": 1,
            "change_message": "[{\"added\": {}}]"
        }
    },
    {
        "model": "admin.logentry",
        "pk": 122,
        "fields": {
            "action_time": "2021-11-29T21:57:53.488Z",
            "user": 1,
            "content_type": 11,
            "object_id": "a230dec3-f43d-4308-b778-e3cbf3103aae",
            "object_repr": "X-RAY",
            "action_flag": 1,
            "change_message": "[{\"added\": {}}]"
        }
    },
    {
        "model": "admin.logentry",
        "pk": 123,
        "fields": {
            "action_time": "2021-11-29T21:59:11.561Z",
            "user": 1,
            "content_type": 12,
            "object_id": "8e9a97be-d4b1-4a1e-8179-584403e857a0",
            "object_repr": "CELEXA",
            "action_flag": 1,
            "change_message": "[{\"added\": {}}]"
        }
    },
    {
        "model": "admin.logentry",
        "pk": 124,
        "fields": {
            "action_time": "2021-11-29T21:59:27.486Z",
            "user": 1,
            "content_type": 12,
            "object_id": "ead5ca05-df04-4b5f-80e6-e4beb1a6fb12",
            "object_repr": "ZOLOFT",
            "action_flag": 1,
            "change_message": "[{\"added\": {}}]"
        }
    },
    {
        "model": "admin.logentry",
        "pk": 125,
        "fields": {
            "action_time": "2021-11-29T21:59:48.247Z",
            "user": 1,
            "content_type": 12,
            "object_id": "ff2ec93e-2a3f-4427-8ecc-35a6b86dd966",
            "object_repr": "LEXAPRO",
            "action_flag": 1,
            "change_message": "[{\"added\": {}}]"
        }
    },
    {
        "model": "admin.logentry",
        "pk": 126,
        "fields": {
            "action_time": "2021-11-29T22:00:08.926Z",
            "user": 1,
            "content_type": 12,
            "object_id": "f3e320c7-3964-491a-98d3-23bcb3fefc47",
            "object_repr": "PROZAC",
            "action_flag": 1,
            "change_message": "[{\"added\": {}}]"
        }
    },
    {
        "model": "admin.logentry",
        "pk": 127,
        "fields": {
            "action_time": "2021-11-29T22:00:32.409Z",
            "user": 1,
            "content_type": 12,
            "object_id": "9866c2ef-7107-4718-bcd4-78cadfb90a35",
            "object_repr": "VIIBRYD",
            "action_flag": 1,
            "change_message": "[{\"added\": {}}]"
        }
    },
    {
        "model": "admin.logentry",
        "pk": 128,
        "fields": {
            "action_time": "2021-11-29T22:30:56.804Z",
            "user": 1,
            "content_type": 11,
            "object_id": "15b504a2-7c94-4df0-adc2-ebbc7c7be7e2",
            "object_repr": "MRI",
            "action_flag": 3,
            "change_message": ""
        }
    },
    {
        "model": "admin.logentry",
        "pk": 129,
        "fields": {
            "action_time": "2021-11-29T22:30:56.812Z",
            "user": 1,
            "content_type": 11,
            "object_id": "0097d11f-73d3-45ad-a9bb-225fa7bbbbda",
            "object_repr": "MRI",
            "action_flag": 3,
            "change_message": ""
        }
    },
    {
        "model": "admin.logentry",
        "pk": 130,
        "fields": {
            "action_time": "2021-11-29T22:40:42.600Z",
            "user": 1,
            "content_type": 11,
            "object_id": "359c0fa1-72c1-4445-9d59-e58d192286c1",
            "object_repr": "MRI",
            "action_flag": 3,
            "change_message": ""
        }
    },
    {
        "model": "admin.logentry",
        "pk": 131,
        "fields": {
            "action_time": "2021-11-29T23:00:54.347Z",
            "user": 1,
            "content_type": 11,
            "object_id": "8105add0-e6e4-4cb5-8eb4-68c42ec51a61",
            "object_repr": "MRI",
            "action_flag": 2,
            "change_message": "[{\"changed\": {\"fields\": [\"Towner\"]}}]"
        }
    },
    {
        "model": "admin.logentry",
        "pk": 132,
        "fields": {
            "action_time": "2021-11-29T23:08:44.733Z",
            "user": 1,
            "content_type": 12,
            "object_id": "8cc001d0-1126-4214-817a-fed092db63d1",
            "object_repr": "ZOLOFT",
            "action_flag": 3,
            "change_message": ""
        }
    },
    {
        "model": "admin.logentry",
        "pk": 133,
        "fields": {
            "action_time": "2021-11-29T23:08:44.747Z",
            "user": 1,
            "content_type": 12,
            "object_id": "808e0e2a-67fe-4b8f-a5b5-3a93ff623d3d",
            "object_repr": "CELEXA",
            "action_flag": 3,
            "change_message": ""
        }
    },
    {
        "model": "admin.logentry",
        "pk": 134,
        "fields": {
            "action_time": "2021-11-30T00:20:49.701Z",
            "user": 1,
            "content_type": 11,
            "object_id": "8105add0-e6e4-4cb5-8eb4-68c42ec51a61",
            "object_repr": "MRI",
            "action_flag": 3,
            "change_message": ""
        }
    },
    {
        "model": "admin.logentry",
        "pk": 135,
        "fields": {
            "action_time": "2021-11-30T00:20:49.723Z",
            "user": 1,
            "content_type": 11,
            "object_id": "6133c272-ed7a-4a34-a21b-5c5a3798d6cc",
            "object_repr": "MRI",
            "action_flag": 3,
            "change_message": ""
        }
    },
    {
        "model": "admin.logentry",
        "pk": 136,
        "fields": {
            "action_time": "2021-11-30T00:20:49.736Z",
            "user": 1,
            "content_type": 11,
            "object_id": "4fc8c77f-b715-4c4c-a02d-d02b04a26d80",
            "object_repr": "NCV",
            "action_flag": 3,
            "change_message": ""
        }
    },
    {
        "model": "admin.logentry",
        "pk": 137,
        "fields": {
            "action_time": "2021-11-30T00:21:05.415Z",
            "user": 1,
            "content_type": 11,
            "object_id": "c5dd8fd1-f63d-4dc4-ad1f-5ac2cf6c176c",
            "object_repr": "MRI",
            "action_flag": 2,
            "change_message": "[{\"changed\": {\"fields\": [\"Tcost\"]}}]"
        }
    },
    {
        "model": "admin.logentry",
        "pk": 138,
        "fields": {
            "action_time": "2021-11-30T00:25:09.912Z",
            "user": 1,
            "content_type": 11,
            "object_id": "7cc4993c-8750-4012-bff2-c91d1359a213",
            "object_repr": "PET",
            "action_flag": 3,
            "change_message": ""
        }
    },
    {
        "model": "admin.logentry",
        "pk": 139,
        "fields": {
            "action_time": "2021-11-30T00:29:45.293Z",
            "user": 1,
            "content_type": 12,
            "object_id": "6f2bbcbb-ac92-4a89-ba90-1d2188853f4c",
            "object_repr": "LEXAPRO",
            "action_flag": 3,
            "change_message": ""
        }
    },
    {
        "model": "admin.logentry",
        "pk": 140,
        "fields": {
            "action_time": "2021-11-30T00:33:57.241Z",
            "user": 1,
            "content_type": 12,
            "object_id": "00e3f0c2-a1b7-43f9-b346-75fbcc8d39f9",
            "object_repr": "PROZAC",
            "action_flag": 3,
            "change_message": ""
        }
    },
    {
        "model": "admin.logentry",
        "pk": 141,
        "fields": {
            "action_time": "2021-11-30T00:37:25.049Z",
            "user": 1,
            "content_type": 12,
            "object_id": "6317f38c-7c57-4dcd-b039-d71c388e4167",
            "object_repr": "LEXAPRO",
            "action_flag": 3,
            "change_message": ""
        }
    },
    {
        "model": "admin.logentry",
        "pk": 142,
        "fields": {
            "action_time": "2021-11-30T01:09:56.301Z",
            "user": 1,
            "content_type": 4,
            "object_id": "23",
            "object_repr": "vinayak",
            "action_flag": 1,
            "change_message": "[{\"added\": {}}]"
        }
    },
    {
        "model": "admin.logentry",
        "pk": 143,
        "fields": {
            "action_time": "2021-11-30T01:10:02.821Z",
            "user": 1,
            "content_type": 4,
            "object_id": "23",
            "object_repr": "vinayak",
            "action_flag": 2,
            "change_message": "[]"
        }
    },
    {
        "model": "admin.logentry",
        "pk": 144,
        "fields": {
            "action_time": "2021-11-30T01:10:14.085Z",
            "user": 1,
            "content_type": 10,
            "object_id": "13",
            "object_repr": "vinayak",
            "action_flag": 3,
            "change_message": ""
        }
    },
    {
        "model": "admin.logentry",
        "pk": 145,
        "fields": {
            "action_time": "2021-11-30T01:10:59.288Z",
            "user": 1,
            "content_type": 4,
            "object_id": "24",
            "object_repr": "harshit",
            "action_flag": 1,
            "change_message": "[{\"added\": {}}]"
        }
    },
    {
        "model": "admin.logentry",
        "pk": 146,
        "fields": {
            "action_time": "2021-11-30T01:11:02.399Z",
            "user": 1,
            "content_type": 4,
            "object_id": "24",
            "object_repr": "harshit",
            "action_flag": 2,
            "change_message": "[]"
        }
    },
    {
        "model": "admin.logentry",
        "pk": 147,
        "fields": {
            "action_time": "2021-11-30T01:11:14.893Z",
            "user": 1,
            "content_type": 10,
            "object_id": "14",
            "object_repr": "harshit",
            "action_flag": 3,
            "change_message": ""
        }
    },
    {
        "model": "admin.logentry",
        "pk": 148,
        "fields": {
            "action_time": "2021-11-30T01:14:01.438Z",
            "user": 1,
            "content_type": 9,
            "object_id": "1f9217bf-94cb-47f7-91ab-efa48f7cf892",
            "object_repr": "vinayak singh",
            "action_flag": 1,
            "change_message": "[{\"added\": {}}]"
        }
    },
    {
        "model": "admin.logentry",
        "pk": 149,
        "fields": {
            "action_time": "2021-11-30T01:15:36.513Z",
            "user": 1,
            "content_type": 9,
            "object_id": "cf24ea85-3f81-4b95-8901-0b4494915171",
            "object_repr": "harshit gupta",
            "action_flag": 1,
            "change_message": "[{\"added\": {}}]"
        }
    },
    {
        "model": "admin.logentry",
        "pk": 150,
        "fields": {
            "action_time": "2021-11-30T01:21:45.840Z",
            "user": 1,
            "content_type": 9,
            "object_id": "cf24ea85-3f81-4b95-8901-0b4494915171",
            "object_repr": "harshit gupta",
            "action_flag": 2,
            "change_message": "[]"
        }
    },
    {
        "model": "admin.logentry",
        "pk": 151,
        "fields": {
            "action_time": "2021-11-30T01:38:20.456Z",
            "user": 1,
            "content_type": 11,
            "object_id": "3232a4d2-a221-49e6-ab47-0c06a503d9cb",
            "object_repr": "EMG",
            "action_flag": 3,
            "change_message": ""
        }
    },
    {
        "model": "admin.logentry",
        "pk": 152,
        "fields": {
            "action_time": "2021-11-30T01:38:20.467Z",
            "user": 1,
            "content_type": 11,
            "object_id": "045e43e1-810d-423d-8b0d-ece6652b9990",
            "object_repr": "CT scan",
            "action_flag": 3,
            "change_message": ""
        }
    },
    {
        "model": "admin.logentry",
        "pk": 153,
        "fields": {
            "action_time": "2021-11-30T01:46:50.558Z",
            "user": 1,
            "content_type": 9,
            "object_id": "1f9217bf-94cb-47f7-91ab-efa48f7cf892",
            "object_repr": "vinayak singh",
            "action_flag": 3,
            "change_message": ""
        }
    },
    {
        "model": "admin.logentry",
        "pk": 154,
        "fields": {
            "action_time": "2021-11-30T02:45:15.343Z",
            "user": 1,
            "content_type": 11,
            "object_id": "d9f7b141-9f56-4b85-908c-e6c2bc09bfcf",
            "object_repr": "EMG",
            "action_flag": 3,
            "change_message": ""
        }
    },
    {
        "model": "admin.logentry",
        "pk": 155,
        "fields": {
            "action_time": "2021-11-30T02:45:41.088Z",
            "user": 1,
            "content_type": 12,
            "object_id": "e0398e21-01f8-4372-a8f4-521dd894c534",
            "object_repr": "VIIBRYD",
            "action_flag": 3,
            "change_message": ""
        }
    },
    {
        "model": "auth.user",
        "pk": 1,
        "fields": {
            "password": "pbkdf2_sha256$260000$lorftu3sgN2NXXDrBrAXuW$1ghm+54YGRTfepTrARzdgbuUfhPZUAAdtCbJ869LnCk=",
            "last_login": "2021-11-30T02:44:22.727Z",
            "is_superuser": true,
            "username": "kalash",
            "first_name": "kalash",
            "last_name": "",
            "email": "singhal.kalash22@gmail.com",
            "is_staff": true,
            "is_active": true,
            "date_joined": "2021-11-28T11:18:44.892Z",
            "groups": [],
            "user_permissions": []
        }
    },
    {
        "model": "auth.user",
        "pk": 17,
        "fields": {
            "password": "pbkdf2_sha256$260000$hVqYmVqT3csSPvSSG8qK2z$nEQmZNSt2ZDM18udIO4YrFnqlGSoRkRs+2Umasy65zA=",
            "last_login": null,
            "is_superuser": false,
            "username": "vedant",
            "first_name": "",
            "last_name": "",
            "email": "",
            "is_staff": false,
            "is_active": true,
            "date_joined": "2021-11-29T13:23:47Z",
            "groups": [],
            "user_permissions": []
        }
    },
    {
        "model": "auth.user",
        "pk": 18,
        "fields": {
            "password": "pbkdf2_sha256$260000$mfZh27D9pupa4vlsNqLoLD$/WsxMY4simvgYotNSBAJfUomYN+7uxVIMnUAkr62Evs=",
            "last_login": null,
            "is_superuser": false,
            "username": "sri",
            "first_name": "",
            "last_name": "",
            "email": "",
            "is_staff": false,
            "is_active": true,
            "date_joined": "2021-11-29T13:25:24Z",
            "groups": [],
            "user_permissions": []
        }
    },
    {
        "model": "auth.user",
        "pk": 19,
        "fields": {
            "password": "pbkdf2_sha256$260000$nQdxUVHdE656IYpBuCizPF$RaNQc9iZmtSA4sExVbyMuCiyUjNadD3nrDt6t4CKqng=",
            "last_login": null,
            "is_superuser": false,
            "username": "kashyap",
            "first_name": "",
            "last_name": "",
            "email": "",
            "is_staff": false,
            "is_active": true,
            "date_joined": "2021-11-29T13:25:46Z",
            "groups": [],
            "user_permissions": []
        }
    },
    {
        "model": "auth.user",
        "pk": 20,
        "fields": {
            "password": "pbkdf2_sha256$260000$RY2dUtNzMxYmf5JHVhA9VK$GYcl28e8897bhkUMzp3a2+rjN3gmQV9fwyoC9mugfSk=",
            "last_login": null,
            "is_superuser": false,
            "username": "bhatla",
            "first_name": "",
            "last_name": "",
            "email": "",
            "is_staff": false,
            "is_active": true,
            "date_joined": "2021-11-29T13:26:07Z",
            "groups": [],
            "user_permissions": []
        }
    },
    {
        "model": "auth.user",
        "pk": 21,
        "fields": {
            "password": "pbkdf2_sha256$260000$J1FGTbK7EesEFzseKnC5FP$qCFKUvpsVVOYITYoQfSTLkkkU7/4Z4/Qzo2WUYJYL9s=",
            "last_login": "2021-11-29T20:21:52.048Z",
            "is_superuser": false,
            "username": "verma",
            "first_name": "",
            "last_name": "",
            "email": "",
            "is_staff": false,
            "is_active": true,
            "date_joined": "2021-11-29T13:26:30Z",
            "groups": [],
            "user_permissions": []
        }
    },
    {
        "model": "auth.user",
        "pk": 22,
        "fields": {
            "password": "pbkdf2_sha256$260000$Lfm2WEuiy2Z2S0cSMO1Uj7$5LzGxrSJF7JftKETcUoTtfaCq4c1JtOJd7omXMbojZ4=",
            "last_login": "2021-11-30T01:32:18.133Z",
            "is_superuser": false,
            "username": "anvi",
            "first_name": "anavi",
            "last_name": "",
            "email": "anavi@email.com",
            "is_staff": false,
            "is_active": true,
            "date_joined": "2021-11-29T19:13:09.695Z",
            "groups": [],
            "user_permissions": []
        }
    },
    {
        "model": "auth.user",
        "pk": 24,
        "fields": {
            "password": "pbkdf2_sha256$260000$Gv4jcdPevgB8oIjEvdzjLt$B4mPUgZ4yHdaCGtFCK3GBlK9LUH8VlooU1I6nt5DddE=",
            "last_login": null,
            "is_superuser": false,
            "username": "harshit",
            "first_name": "harshit gupta",
            "last_name": "",
            "email": "har@email.com",
            "is_staff": false,
            "is_active": true,
            "date_joined": "2021-11-30T01:10:58Z",
            "groups": [],
            "user_permissions": []
        }
    },
    {
        "model": "auth.user",
        "pk": 25,
        "fields": {
            "password": "pbkdf2_sha256$260000$io8DtRwCPhiCNOCQZVmIuL$i64l2hZZvQ+0W0+0dmNZQoj8vykp0KL5TZtOLJjG/dQ=",
            "last_login": "2021-11-30T01:42:02.074Z",
            "is_superuser": false,
            "username": "puneet",
            "first_name": "puneet garg",
            "last_name": "",
            "email": "pun@gmail.com",
            "is_staff": false,
            "is_active": true,
            "date_joined": "2021-11-30T01:34:49.575Z",
            "groups": [],
            "user_permissions": []
        }
    },
    {
        "model": "sessions.session",
        "pk": "b67srne97ubkzllffyzcij3j0gh00ydm",
        "fields": {
            "session_data": ".eJxVjMsOwiAQRf-FtSG8B1y67zeQgUGpGkhKuzL-uzbpQrf3nHNfLOK21riNssSZ2JlJdvrdEuZHaTugO7Zb57m3dZkT3xV-0MGnTuV5Ody_g4qjfuvg0FvvQdmiUVqdpSNUAQSgAbJXoRwqo7UkKBR8QOHJeJLBSlsSAHt_ALblNsg:1mrt82:Yf1rZENNZL3kgCbr7ymeTQgo3cnYdUt6GZHaOlwtm6w",
            "expire_date": "2021-12-14T02:44:22.736Z"
        }
    },
    {
        "model": "staff.department",
        "pk": "0eb396e7-2a4f-43c6-be3b-ada9d044da1e",
        "fields": {
            "dname": "ADMIN",
            "dhead": 1,
            "created": "2021-11-28T11:40:34.040Z"
        }
    },
    {
        "model": "staff.department",
        "pk": "4687b586-85f8-4a2a-9e38-f87a36557329",
        "fields": {
            "dname": "MANAGING",
            "dhead": 1,
            "created": "2021-11-28T11:40:48.090Z"
        }
    },
    {
        "model": "staff.department",
        "pk": "553883b0-0dad-4613-b2b6-1ec1249a1cd2",
        "fields": {
            "dname": "LABORATORY",
            "dhead": 1,
            "created": "2021-11-29T08:27:48.034Z"
        }
    },
    {
        "model": "staff.department",
        "pk": "8621c5af-04ed-420d-9bb4-2235490b0bb6",
        "fields": {
            "dname": "DOCTOR",
            "dhead": 1,
            "created": "2021-11-29T08:28:26.196Z"
        }
    },
    {
        "model": "staff.department",
        "pk": "8b56c4e3-367a-49fc-9dbc-6aacd57b271d",
        "fields": {
            "dname": "RECEPTION",
            "dhead": 1,
            "created": "2021-11-29T08:28:14.947Z"
        }
    },
    {
        "model": "staff.department",
        "pk": "9dca6b01-2822-411b-9ca1-b82a8a723085",
        "fields": {
            "dname": "PHARMACY",
            "dhead": 1,
            "created": "2021-11-29T08:27:59.633Z"
        }
    },
    {
        "model": "staff.department",
        "pk": "d22c64c9-f4b4-44e9-92d7-28de7803e8c9",
        "fields": {
            "dname": "MAINTENANCE",
            "dhead": 1,
            "created": "2021-11-29T08:27:28.012Z"
        }
    },
    {
        "model": "staff.staff",
        "pk": "4a9ba2d2-c357-4da2-8827-f5510ad1492f",
        "fields": {
            "user": 17,
            "name": "vedant vasu",
            "username": "vvg",
            "email": "vvg@email.com",
            "contact": 123,
            "address": "dskjfbgdkjbn",
            "staff_image": "staffprofiles/user-default.png",
            "department": "8621c5af-04ed-420d-9bb4-2235490b0bb6",
            "highest_degree": "MD",
            "academics": "PHD",
            "certificates": "GOLD MEDALIST"
        }
    },
    {
        "model": "staff.staff",
        "pk": "4d7dac97-550f-4317-bc6b-a5eb6eed6194",
        "fields": {
            "user": 19,
            "name": "aryan",
            "username": "kashyap",
            "email": "kashyap@email.com",
            "contact": 9988,
            "address": "seanvjldr",
            "staff_image": "staffprofiles/user-default.png",
            "department": "8621c5af-04ed-420d-9bb4-2235490b0bb6",
            "highest_degree": "MBBS",
            "academics": "POST GRADUATE",
            "certificates": "MEMBERSHIP"
        }
    },
    {
        "model": "staff.staff",
        "pk": "942cdc9d-6d77-4cb1-98bc-2ea671b7d408",
        "fields": {
            "user": 21,
            "name": "himanshu",
            "username": "verma",
            "email": "himanshu@email.com",
            "contact": 12,
            "address": "dfsbn",
            "staff_image": "staffprofiles/user-default.png",
            "department": "8621c5af-04ed-420d-9bb4-2235490b0bb6",
            "highest_degree": "MBBS",
            "academics": "POST GRADUATE",
            "certificates": null
        }
    },
    {
        "model": "staff.staff",
        "pk": "ae5db034-f5b1-43fc-9c0b-c11bf2ecc91b",
        "fields": {
            "user": 1,
            "name": "kalash",
            "username": "kalash",
            "email": "singhal.kalash22@gmail.com",
            "contact": 123,
            "address": "#4515-b, sector 70, mohali",
            "staff_image": "staffprofiles/user-default_Ij7Mrqd.png",
            "department": "0eb396e7-2a4f-43c6-be3b-ada9d044da1e",
            "highest_degree": null,
            "academics": null,
            "certificates": null
        }
    },
    {
        "model": "staff.staff",
        "pk": "cf24ea85-3f81-4b95-8901-0b4494915171",
        "fields": {
            "user": 24,
            "name": "harshit gupta",
            "username": "harshit",
            "email": "har@email.com",
            "contact": 1234567,
            "address": "sdagrbg,rjd",
            "staff_image": "staffprofiles/user-default.png",
            "department": "8621c5af-04ed-420d-9bb4-2235490b0bb6",
            "highest_degree": "BAMS",
            "academics": "PIMS, JALANDHAR",
            "certificates": null
        }
    },
    {
        "model": "staff.staff",
        "pk": "dca1791f-fa72-4184-adc2-163ee249438a",
        "fields": {
            "user": 18,
            "name": "srivastava",
            "username": "sri",
            "email": "sri@email.com",
            "contact": 9988,
            "address": "1973498356",
            "staff_image": "staffprofiles/user-default.png",
            "department": "8621c5af-04ed-420d-9bb4-2235490b0bb6",
            "highest_degree": "DM",
            "academics": null,
            "certificates": null
        }
    },
    {
        "model": "staff.staff",
        "pk": "f3fdfc84-63d1-4125-8d99-63efa50f4636",
        "fields": {
            "user": 20,
            "name": "sidharth",
            "username": "bhatla",
            "email": "bhatla@email.com",
            "contact": 9988,
            "address": "srkjab g,",
            "staff_image": "staffprofiles/user-default.png",
            "department": "8621c5af-04ed-420d-9bb4-2235490b0bb6",
            "highest_degree": "MD",
            "academics": "PHD",
            "certificates": "GOLD MEDALIST"
        }
    },
    {
        "model": "staff.specialities",
        "pk": "1569015d-af88-4557-8995-08351d9269f1",
        "fields": {
            "sowner": "4a9ba2d2-c357-4da2-8827-f5510ad1492f",
            "sname": "BIPOLAR AFFECTIVE DISORDER",
            "created": "2021-11-29T10:59:21.051Z"
        }
    },
    {
        "model": "staff.specialities",
        "pk": "1bee0855-95fe-422d-bd29-a15c0bc467e9",
        "fields": {
            "sowner": "dca1791f-fa72-4184-adc2-163ee249438a",
            "sname": "PSYCHIATRY",
            "created": "2021-11-29T10:41:30.938Z"
        }
    },
    {
        "model": "staff.specialities",
        "pk": "1bfa712c-ba2c-4e37-91fc-d826f7eac31d",
        "fields": {
            "sowner": "dca1791f-fa72-4184-adc2-163ee249438a",
            "sname": "TUMOR CENTRE",
            "created": "2021-11-29T11:05:50.292Z"
        }
    },
    {
        "model": "staff.specialities",
        "pk": "2258f6f2-dc0a-4519-886c-beac24175e15",
        "fields": {
            "sowner": "942cdc9d-6d77-4cb1-98bc-2ea671b7d408",
            "sname": "NERVE DISORDERS",
            "created": "2021-11-29T11:13:01.908Z"
        }
    },
    {
        "model": "staff.specialities",
        "pk": "35f6b8b2-0c34-42f5-a3f6-54cd61e3c1c5",
        "fields": {
            "sowner": "f3fdfc84-63d1-4125-8d99-63efa50f4636",
            "sname": "HEADACHE AND PAIN",
            "created": "2021-11-29T10:46:45.272Z"
        }
    },
    {
        "model": "staff.specialities",
        "pk": "4a2f46d6-fc09-428e-a2f3-99f7905b3869",
        "fields": {
            "sowner": "4d7dac97-550f-4317-bc6b-a5eb6eed6194",
            "sname": "SLEEP DISORDER",
            "created": "2021-11-29T10:58:45.896Z"
        }
    },
    {
        "model": "staff.specialities",
        "pk": "5a5a80ec-465d-4c7b-9601-1b1ab34aab02",
        "fields": {
            "sowner": "4a9ba2d2-c357-4da2-8827-f5510ad1492f",
            "sname": "PERSONALITY DISORDER",
            "created": "2021-11-29T11:00:10.270Z"
        }
    },
    {
        "model": "staff.specialities",
        "pk": "5b1a9a22-be2d-4684-93b0-e37d992e29ae",
        "fields": {
            "sowner": "f3fdfc84-63d1-4125-8d99-63efa50f4636",
            "sname": "EATING DISORDER",
            "created": "2021-11-29T10:58:28.475Z"
        }
    },
    {
        "model": "staff.specialities",
        "pk": "609f055f-6388-4225-9f81-de5a7d700d8b",
        "fields": {
            "sowner": "4d7dac97-550f-4317-bc6b-a5eb6eed6194",
            "sname": "ANXIETY",
            "created": "2021-11-29T10:58:17.700Z"
        }
    },
    {
        "model": "staff.specialities",
        "pk": "686757ce-70dd-49d1-9ade-91154376078a",
        "fields": {
            "sowner": "4a9ba2d2-c357-4da2-8827-f5510ad1492f",
            "sname": "CONSULTANCY",
            "created": "2021-11-28T21:07:07.441Z"
        }
    },
    {
        "model": "staff.specialities",
        "pk": "837503ab-fb0b-4a12-804e-4805374a2980",
        "fields": {
            "sowner": "f3fdfc84-63d1-4125-8d99-63efa50f4636",
            "sname": "SPINE CARE",
            "created": "2021-11-29T11:05:02.281Z"
        }
    },
    {
        "model": "staff.specialities",
        "pk": "8f0e431c-fe15-4a8f-8ee8-b8a4f4eba3bf",
        "fields": {
            "sowner": "dca1791f-fa72-4184-adc2-163ee249438a",
            "sname": "OCD",
            "created": "2021-11-29T10:51:59.697Z"
        }
    },
    {
        "model": "staff.specialities",
        "pk": "b040521f-abca-4d40-81c8-77edee6c44af",
        "fields": {
            "sowner": "942cdc9d-6d77-4cb1-98bc-2ea671b7d408",
            "sname": "STROKES",
            "created": "2021-11-29T11:12:26.503Z"
        }
    },
    {
        "model": "staff.specialities",
        "pk": "cc1f7eaa-69fc-44e5-b723-3f71e6a09d81",
        "fields": {
            "sowner": "942cdc9d-6d77-4cb1-98bc-2ea671b7d408",
            "sname": "ATTENTION DEFICIT HYPERACTIVITY DISORDER",
            "created": "2021-11-29T11:04:42.303Z"
        }
    },
    {
        "model": "staff.specialities",
        "pk": "dde9c722-10ce-4b41-acfd-eaa23ecca4fa",
        "fields": {
            "sowner": "4d7dac97-550f-4317-bc6b-a5eb6eed6194",
            "sname": "DEPRESSION",
            "created": "2021-11-29T10:59:51.559Z"
        }
    },
    {
        "model": "staff.specialities",
        "pk": "dfbb1801-3007-4821-be60-f61d2f9b29c0",
        "fields": {
            "sowner": "f3fdfc84-63d1-4125-8d99-63efa50f4636",
            "sname": "PEDIATRIC CARE",
            "created": "2021-11-29T10:41:05.916Z"
        }
    },
    {
        "model": "staff.specialities",
        "pk": "e556ec7b-9200-4ac1-b976-52a225400278",
        "fields": {
            "sowner": "942cdc9d-6d77-4cb1-98bc-2ea671b7d408",
            "sname": "MOVEMENT DISORDERS",
            "created": "2021-11-29T11:13:56.925Z"
        }
    },
    {
        "model": "staff.specialities",
        "pk": "e5782973-6b7e-44f2-bc3d-1f4308693af7",
        "fields": {
            "sowner": "4a9ba2d2-c357-4da2-8827-f5510ad1492f",
            "sname": "ELIPSEY AND SEIZURES",
            "created": "2021-11-29T10:47:02.282Z"
        }
    },
    {
        "model": "staff.specialities",
        "pk": "e7f7ad58-7dc9-400e-a2b7-06a43027de1c",
        "fields": {
            "sowner": "dca1791f-fa72-4184-adc2-163ee249438a",
            "sname": "COUNSELLING",
            "created": "2021-11-28T21:07:14.685Z"
        }
    },
    {
        "model": "staff.specialities",
        "pk": "eadfc84d-8f45-4160-a71b-8c50ca621194",
        "fields": {
            "sowner": "4d7dac97-550f-4317-bc6b-a5eb6eed6194",
            "sname": "THERAPY",
            "created": "2021-11-29T11:13:45.685Z"
        }
    },
    {
        "model": "staff.specialities",
        "pk": "f0100512-6425-4609-bf3a-28e208913140",
        "fields": {
            "sowner": null,
            "sname": "OTHER",
            "created": "2021-11-29T10:38:32.832Z"
        }
    },
    {
        "model": "staff.specialities",
        "pk": "ff2c4033-a2c5-4c2f-8a39-10e1bd309eac",
        "fields": {
            "sowner": "f3fdfc84-63d1-4125-8d99-63efa50f4636",
            "sname": "SCHIZOPHRENIA",
            "created": "2021-11-29T11:19:00.268Z"
        }
    },
    {
        "model": "patients.patient",
        "pk": 12,
        "fields": {
            "user": 22,
            "name": "anavi",
            "username": "anvi",
            "email": "anavi@email.com",
            "contact": 123456789,
            "address": "segadfb",
            "age": 20,
            "sex": "F",
            "arrival": "2021-11-29T19:13:10.444Z",
            "blood_group": "A+",
            "type": "OPD",
            "treatment_category": "1bee0855-95fe-422d-bd29-a15c0bc467e9"
        }
    },
    {
        "model": "patients.patient",
        "pk": 15,
        "fields": {
            "user": 25,
            "name": "puneet garg",
            "username": "puneet",
            "email": "pun@gmail.com",
            "contact": 987654321,
            "address": "seagdrtdn",
            "age": 30,
            "sex": "M",
            "arrival": "2021-11-30T01:34:50.088Z",
            "blood_group": "A+",
            "type": "OPD",
            "treatment_category": "4a2f46d6-fc09-428e-a2f3-99f7905b3869"
        }
    },
    {
        "model": "patients.tests",
        "pk": "3930ea01-7467-4a94-bc74-6ae500f454cf",
        "fields": {
            "towner": null,
            "tname": "NEUROSONOGRAPHY",
            "tcost": 5000
        }
    },
    {
        "model": "patients.tests",
        "pk": "77ea719c-78e9-4442-8619-88e34d111f52",
        "fields": {
            "towner": null,
            "tname": "NCV",
            "tcost": 1000
        }
    },
    {
        "model": "patients.tests",
        "pk": "a230dec3-f43d-4308-b778-e3cbf3103aae",
        "fields": {
            "towner": null,
            "tname": "X-RAY",
            "tcost": 1000
        }
    },
    {
        "model": "patients.tests",
        "pk": "ae9dae9c-b909-4c47-96b7-a52cf6fa0cd4",
        "fields": {
            "towner": null,
            "tname": "CT scan",
            "tcost": 1000
        }
    },
    {
        "model": "patients.tests",
        "pk": "b05dfd99-f2b6-4d05-91bf-e2331291a03f",
        "fields": {
            "towner": null,
            "tname": "MYELOGRAM",
            "tcost": 5000
        }
    },
    {
        "model": "patients.tests",
        "pk": "b2ef8b60-4aac-4016-aca4-51e159c1d386",
        "fields": {
            "towner": null,
            "tname": "SCREENING",
            "tcost": 2000
        }
    },
    {
        "model": "patients.tests",
        "pk": "c5dd8fd1-f63d-4dc4-ad1f-5ac2cf6c176c",
        "fields": {
            "towner": null,
            "tname": "MRI",
            "tcost": 2000
        }
    },
    {
        "model": "patients.tests",
        "pk": "c9a24ceb-b8fa-4cc9-bcf3-81d3f1f1bfb4",
        "fields": {
            "towner": null,
            "tname": "PET",
            "tcost": 3000
        }
    },
    {
        "model": "patients.tests",
        "pk": "f34cf65a-698d-4a27-bcd2-1f640b71783b",
        "fields": {
            "towner": null,
            "tname": "EEG",
            "tcost": 3000
        }
    },
    {
        "model": "patients.tests",
        "pk": "fa694d32-a1f4-4e73-9e75-e524c8853b79",
        "fields": {
            "towner": null,
            "tname": "EMG",
            "tcost": 2000
        }
    },
    {
        "model": "patients.meds",
        "pk": "8e9a97be-d4b1-4a1e-8179-584403e857a0",
        "fields": {
            "mowner": null,
            "mname": "CELEXA",
            "mcost": 400
        }
    },
    {
        "model": "patients.meds",
        "pk": "9866c2ef-7107-4718-bcd4-78cadfb90a35",
        "fields": {
            "mowner": null,
            "mname": "VIIBRYD",
            "mcost": 100
        }
    },
    {
        "model": "patients.meds",
        "pk": "ead5ca05-df04-4b5f-80e6-e4beb1a6fb12",
        "fields": {
            "mowner": null,
            "mname": "ZOLOFT",
            "mcost": 300
        }
    },
    {
        "model": "patients.meds",
        "pk": "f3e320c7-3964-491a-98d3-23bcb3fefc47",
        "fields": {
            "mowner": null,
            "mname": "PROZAC",
            "mcost": 200
        }
    },
    {
        "model": "patients.meds",
        "pk": "ff2ec93e-2a3f-4427-8ecc-35a6b86dd966",
        "fields": {
            "mowner": null,
            "mname": "LEXAPRO",
            "mcost": 500
        }
    }
]